STATE,COUNTY,STATION_ID,DIR,URB_RURAL,F_SYSTEM,ROUTE_SIGN,ROUTE_NUMBER,LAT,LONG,STATE_NAME,COUNTY_NAME,REPCTY
25.0,3.0,000001,1.0,U,3.0,4.0,8.0,42.485615,-73.202094,MA,Berkshire County,17
25.0,3.0,000001,5.0,U,3.0,4.0,8.0,42.485615,-73.202094,MA,Berkshire County,17
25.0,3.0,000002,3.0,U,3.0,3.0,20.0,42.297652,-73.223668,MA,Berkshire County,17
25.0,3.0,000002,7.0,U,3.0,3.0,20.0,42.297652,-73.223668,MA,Berkshire County,17
25.0,3.0,000040,1.0,R,3.0,3.0,7.0,42.384364,-73.27496,MA,Berkshire County,17
25.0,3.0,000040,5.0,R,3.0,3.0,7.0,42.384364,-73.27496,MA,Berkshire County,17
25.0,3.0,000125,3.0,R,5.0,4.0,8.0,42.544693,-72.982442,MA,Berkshire County,17
25.0,3.0,000125,7.0,R,5.0,4.0,8.0,42.544693,-72.982442,MA,Berkshire County,17
25.0,3,000140,1.0,R,5,4.0,8.0,42.741318,-73.071305,MA,Berkshire County,17
25.0,3,000140,5.0,R,5,4.0,8.0,42.741318,-73.071305,MA,Berkshire County,17
25.0,3.0,000155,3.0,R,5.0,4.0,23.0,42.186782,-73.304032,MA,Berkshire County,17
25.0,3.0,000155,7.0,R,5.0,4.0,23.0,42.186782,-73.304032,MA,Berkshire County,17
25.0,3.0,000162,1.0,U,3,4.0,8.0,42.657531,-73.10931,MA,Berkshire County,17
25.0,3.0,000162,5.0,U,3,4.0,8.0,42.657531,-73.10931,MA,Berkshire County,17
25.0,3.0,000190,1.0,U,4.0,4.0,41.0,42.259755,-73.377564,MA,Berkshire County,17
25.0,3.0,000190,5.0,U,4.0,4.0,41.0,42.259755,-73.377564,MA,Berkshire County,17
25.0,3,001171,1.0,R,3,3.0,7.0,42.052544,-73.326535,MA,Berkshire County,17
25.0,3,001171,5.0,R,3,3.0,7.0,42.052544,-73.326535,MA,Berkshire County,17
25.0,3.0,001178,1.0,R,4.0,3.0,7.0,42.548225,-73.23355,MA,Berkshire County,17
25.0,3.0,001178,5.0,R,4.0,3.0,7.0,42.548225,-73.23355,MA,Berkshire County,17
25.0,3.0,001179,1.0,U,3.0,3.0,7.0,42.365665,-73.276243,MA,Berkshire County,17
25.0,3.0,001179,5.0,U,3.0,3.0,7.0,42.365665,-73.276243,MA,Berkshire County,17
25.0,3,001181,1.0,R,4,4.0,8.0,42.079337,-73.068474,MA,Berkshire County,17
25.0,3,001181,5.0,R,4,4.0,8.0,42.079337,-73.068474,MA,Berkshire County,17
25.0,3.0,001182,3.0,R,3.0,4.0,9.0,42.509812,-73.049942,MA,Berkshire County,17
25.0,3.0,001182,7.0,R,3.0,4.0,9.0,42.509812,-73.049942,MA,Berkshire County,17
25.0,3.0,001183,1.0,R,3.0,3.0,7.0,42.152751,-73.364301,MA,Berkshire County,17
25.0,3.0,001183,5.0,R,3.0,3.0,7.0,42.152751,-73.364301,MA,Berkshire County,17
25.0,3,001950,1.0,R,5,4.0,43.0,42.538988,-73.336334,MA,Berkshire County,17
25.0,3,001950,5.0,R,5,4.0,43.0,42.538988,-73.336334,MA,Berkshire County,17
25.0,3.0,012503,3.0,R,5.0,4.0,8.0,42.547158,-72.986014,MA,Berkshire County,17
25.0,3.0,012504,7.0,R,5.0,4.0,8.0,42.547158,-72.986014,MA,Berkshire County,17
25.0,3,014012,9.0,R,5,4.0,8.0,42.741878,-73.071432,MA,Berkshire County,17
25.0,3.0,015534,7.0,R,5.0,4.0,23.0,42.186772,-73.304009,MA,Berkshire County,17
25.0,3.0,016212,9.0,U,3,4.0,8.0,42.657093,-73.109571,MA,Berkshire County,17
25.0,3,018912,9.0,R,5,4.0,183.0,42.352147,-73.313429,MA,Berkshire County,17
25.0,3.0,019012,9.0,U,4.0,4.0,41.0,42.258633,-73.376796,MA,Berkshire County,17
25.0,3.0,020304,0.0,U,3.0,3.0,20.0,42.297758,-73.223452,MA,Berkshire County,17
25.0,3.0,0AET01,3.0,U,1,2.0,90.0,42.297348,-73.245114,MA,Berkshire County,17
25.0,3.0,0AET01,7.0,U,1,2.0,90.0,42.297348,-73.245114,MA,Berkshire County,17
25.0,3.0,400102,9.0,R,3.0,3.0,7.0,42.384365,-73.274959,MA,Berkshire County,17
25.0,5.0,000003,3.0,U,3.0,3.0,44.0,41.865889,-71.215441,MA,Bristol County,5
25.0,5.0,000003,7.0,U,3.0,3.0,44.0,41.865889,-71.215441,MA,Bristol County,5
25.0,5.0,000016,1.0,U,2,4.0,24.0,41.924202,-71.031524,MA,Bristol County,5
25.0,5.0,000016,5.0,U,2,4.0,24.0,41.924202,-71.031524,MA,Bristol County,5
25.0,5.0,000024,3.0,U,4.0,3.0,6.0,41.776137,-71.284135,MA,Bristol County,5
25.0,5.0,000024,7.0,U,4.0,3.0,6.0,41.776137,-71.284135,MA,Bristol County,5
25.0,5.0,000025,1.0,U,4.0,4.0,138.0,41.773803,-71.136856,MA,Bristol County,5
25.0,5.0,000025,5.0,U,4.0,4.0,138.0,41.773803,-71.136856,MA,Bristol County,5
25.0,5,000060,3.0,U,1,2.0,195.0,41.796149,-71.318296,MA,Bristol County,5
25.0,5,000060,7.0,U,1,2.0,195.0,41.796149,-71.318296,MA,Bristol County,5
25.0,5,000617,1.0,U,2,4.0,140.0,41.742741,-70.960012,MA,Bristol County,5
25.0,5,000617,5.0,U,2,4.0,140.0,41.742741,-70.960012,MA,Bristol County,5
25.0,5,000725,1.0,U,1,2.0,495.0,41.93851,-71.01401,MA,Bristol County,5
25.0,5,000725,5.0,U,1,2.0,495.0,41.93851,-71.01401,MA,Bristol County,5
25.0,5.0,001601,1.0,U,2,4.0,24.0,41.932763,-71.026507,MA,Bristol County,5
25.0,5.0,001602,5.0,U,2,4.0,24.0,41.932763,-71.026507,MA,Bristol County,5
25.0,5,006003,3.0,U,1,2.0,195.0,41.799272,-71.324859,MA,Bristol County,5
25.0,5,006004,7.0,U,1,2.0,195.0,41.799272,-71.324859,MA,Bristol County,5
25.0,5.0,006072,1.0,U,2,4.0,24.0,41.88824,-71.050831,MA,Bristol County,5
25.0,5.0,006072,5.0,U,2,4.0,24.0,41.88824,-71.050831,MA,Bristol County,5
25.0,5.0,006084,1.0,U,1,2.0,95.0,41.894702,-71.375628,MA,Bristol County,5
25.0,5.0,006084,5.0,U,1,2.0,95.0,41.894702,-71.375628,MA,Bristol County,5
25.0,5,006089,1.0,U,1,2.0,95.0,41.899874,-71.36431,MA,Bristol County,5
25.0,5,006089,5.0,U,1,2.0,95.0,41.899874,-71.36431,MA,Bristol County,5
25.0,5,006091,1.0,U,1,2.0,95.0,41.946448,-71.309844,MA,Bristol County,5
25.0,5,006091,5.0,U,1,2.0,95.0,41.946448,-71.309844,MA,Bristol County,5
25.0,5,006106,3.0,U,1,2.0,195.0,41.718294,-71.182815,MA,Bristol County,5
25.0,5,006106,7.0,U,1,2.0,195.0,41.718294,-71.182815,MA,Bristol County,5
25.0,5,006107,3.0,U,1,2.0,195.0,41.664286,-71.072765,MA,Bristol County,5
25.0,5,006107,7.0,U,1,2.0,195.0,41.664286,-71.072765,MA,Bristol County,5
25.0,5.0,006210,1.0,U,4.0,4.0,88.0,41.61806,-71.077124,MA,Bristol County,5
25.0,5.0,006210,5.0,U,4.0,4.0,88.0,41.61806,-71.077124,MA,Bristol County,5
25.0,5,006328,1.0,U,1,2.0,95.0,41.991692,-71.292659,MA,Bristol County,5
25.0,5,006328,5.0,U,1,2.0,95.0,41.991692,-71.292659,MA,Bristol County,5
25.0,5.0,006330,1.0,U,1,2.0,495.0,41.959223,-71.069022,MA,Bristol County,5
25.0,5.0,006330,5.0,U,1,2.0,495.0,41.959223,-71.069022,MA,Bristol County,5
25.0,5,006590,1.0,U,1,2.0,295.0,41.950339,-71.367016,MA,Bristol County,5
25.0,5,006590,5.0,U,1,2.0,295.0,41.950339,-71.367016,MA,Bristol County,5
25.0,5,006628,3.0,U,1,2.0,195.0,41.74493,-71.213404,MA,Bristol County,5
25.0,5,006628,7.0,U,1,2.0,195.0,41.74493,-71.213404,MA,Bristol County,5
25.0,5.0,006629,3.0,U,1,2.0,195.0,41.654255,-70.970608,MA,Bristol County,5
25.0,5.0,006629,7.0,U,1,2.0,195.0,41.654255,-70.970608,MA,Bristol County,5
25.0,5,006640,1.0,U,1,2.0,295.0,41.953629,-71.316454,MA,Bristol County,5
25.0,5,006640,5.0,U,1,2.0,295.0,41.953629,-71.316454,MA,Bristol County,5
25.0,5.0,006643,3.0,U,1,2.0,195.0,41.806486,-71.339136,MA,Bristol County,5
25.0,5.0,006643,7.0,U,1,2.0,195.0,41.806486,-71.339136,MA,Bristol County,5
25.0,5.0,030304,0.0,U,3.0,3.0,44.0,41.859768,-71.229551,MA,Bristol County,5
25.0,5,061701,1.0,U,2,4.0,140.0,41.737747,-70.957875,MA,Bristol County,5
25.0,5,061702,5.0,U,2,4.0,140.0,41.737747,-70.957875,MA,Bristol County,5
25.0,5,072501,1.0,U,1,2.0,495.0,41.941478,-71.016288,MA,Bristol County,5
25.0,5,072502,5.0,U,1,2.0,495.0,41.941478,-71.016288,MA,Bristol County,5
25.0,5.0,250102,9.0,U,4.0,4.0,138.0,41.75901,-71.139193,MA,Bristol County,5
25.0,27.0,000005,1.0,U,3,4.0,12.0,42.461362,-71.745886,MA,Worcester County,17
25.0,27.0,000005,5.0,U,3,4.0,12.0,42.461362,-71.745886,MA,Worcester County,17
25.0,27,000009,1.0,R,1,2.0,495.0,42.416235,-71.604791,MA,Worcester County,17
25.0,27,000009,5.0,R,1,2.0,495.0,42.416235,-71.604791,MA,Worcester County,17
25.0,27,000017,1.0,R,1,2.0,84.0,42.035924,-72.130104,MA,Worcester County,17
25.0,27,000017,5.0,R,1,2.0,84.0,42.035924,-72.130104,MA,Worcester County,17
25.0,27.0,000023,3.0,U,4.0,4.0,2.0,42.581991,-72.198179,MA,Worcester County,17
25.0,27.0,000023,7.0,U,4.0,4.0,2.0,42.581991,-72.198179,MA,Worcester County,17
25.0,27,000030,1.0,U,1,2.0,395.0,42.056931,-71.860464,MA,Worcester County,17
25.0,27,000030,5.0,U,1,2.0,395.0,42.056931,-71.860464,MA,Worcester County,17
25.0,27.0,000034,3.0,U,2,4.0,2.0,42.521058,-71.702973,MA,Worcester County,17
25.0,27.0,000034,7.0,U,2,4.0,2.0,42.521058,-71.702973,MA,Worcester County,17
25.0,27.0,000044,3.0,U,2.0,4.0,2.0,42.566944,-72.214843,MA,Worcester County,17
25.0,27.0,000044,7.0,U,2.0,4.0,2.0,42.566944,-72.214843,MA,Worcester County,17
25.0,27.0,000303,1.0,U,4.0,4.0,12.0,42.230096,-71.819783,MA,Worcester County,17
25.0,27.0,000303,5.0,U,4.0,4.0,12.0,42.230096,-71.819783,MA,Worcester County,17
25.0,27.0,000307,3.0,U,3,4.0,9.0,42.283321,-71.639066,MA,Worcester County,17
25.0,27.0,000307,7.0,U,3,4.0,9.0,42.283321,-71.639066,MA,Worcester County,17
25.0,27,000310,1.0,U,2,4.0,146.0,42.114978,-71.705125,MA,Worcester County,17
25.0,27,000310,5.0,U,2,4.0,146.0,42.114978,-71.705125,MA,Worcester County,17
25.0,27.0,000321,1.0,U,4.0,3.0,202.0,42.626552,-72.075545,MA,Worcester County,17
25.0,27.0,000321,5.0,U,4.0,3.0,202.0,42.626552,-72.075545,MA,Worcester County,17
25.0,27,000901,1.0,R,1,2.0,495.0,42.406643,-71.608102,MA,Worcester County,17
25.0,27,000902,5.0,R,1,2.0,495.0,42.406643,-71.608102,MA,Worcester County,17
25.0,27.0,001701,1.0,R,1.0,2.0,84.0,42.059825,-72.109498,MA,Worcester County,17
25.0,27.0,001702,5.0,R,1.0,2.0,84.0,42.059825,-72.109498,MA,Worcester County,17
25.0,27,003001,1.0,U,1,2.0,395.0,42.056931,-71.860459,MA,Worcester County,17
25.0,27,003002,5.0,U,1,2.0,395.0,42.056931,-71.860459,MA,Worcester County,17
25.0,27.0,003008,3.0,U,2,4.0,2.0,42.541367,-71.892084,MA,Worcester County,17
25.0,27.0,003008,7.0,U,2,4.0,2.0,42.541367,-71.892084,MA,Worcester County,17
25.0,27.0,003072,3.0,R,2,4.0,2.0,42.527522,-71.533984,MA,Worcester County,17
25.0,27.0,003072,7.0,R,2,4.0,2.0,42.527522,-71.533984,MA,Worcester County,17
25.0,27.0,003140,1.0,U,3.0,4.0,122.0,42.325893,-71.947335,MA,Worcester County,17
25.0,27.0,003140,5.0,U,3.0,4.0,122.0,42.325893,-71.947335,MA,Worcester County,17
25.0,27.0,003178,3.0,U,3.0,3.0,20.0,42.187155,-71.833901,MA,Worcester County,17
25.0,27.0,003178,7.0,U,3.0,3.0,20.0,42.187155,-71.833901,MA,Worcester County,17
25.0,27,003210,1.0,U,1,2.0,395.0,42.068837,-71.861357,MA,Worcester County,17
25.0,27,003210,5.0,U,1,2.0,395.0,42.068837,-71.861357,MA,Worcester County,17
25.0,27.0,003293,1.0,U,1,2.0,190.0,42.343416,-71.802383,MA,Worcester County,17
25.0,27.0,003293,5.0,U,1,2.0,190.0,42.343416,-71.802383,MA,Worcester County,17
25.0,27,003294,1.0,U,1,2.0,190.0,42.421477,-71.78533,MA,Worcester County,17
25.0,27,003294,5.0,U,1,2.0,190.0,42.421477,-71.78533,MA,Worcester County,17
25.0,27,003300,1.0,U,1,2.0,395.0,42.136269,-71.856074,MA,Worcester County,17
25.0,27,003300,5.0,U,1,2.0,395.0,42.136269,-71.856074,MA,Worcester County,17
25.0,27,003318,3.0,U,1,2.0,290.0,42.342143,-71.641277,MA,Worcester County,17
25.0,27,003318,7.0,U,1,2.0,290.0,42.342143,-71.641277,MA,Worcester County,17
25.0,27,003319,3.0,U,1,2.0,290.0,42.325196,-71.705879,MA,Worcester County,17
25.0,27,003319,7.0,U,1,2.0,290.0,42.325196,-71.705879,MA,Worcester County,17
25.0,27,003320,3.0,U,1,2.0,290.0,42.293892,-71.755953,MA,Worcester County,17
25.0,27,003320,7.0,U,1,2.0,290.0,42.293892,-71.755953,MA,Worcester County,17
25.0,27,003321,1.0,U,1,2.0,495.0,42.159721,-71.492579,MA,Worcester County,17
25.0,27,003321,5.0,U,1,2.0,495.0,42.159721,-71.492579,MA,Worcester County,17
25.0,27,003322,3.0,U,1,2.0,290.0,42.290846,-71.774615,MA,Worcester County,17
25.0,27,003322,7.0,U,1,2.0,290.0,42.290846,-71.774615,MA,Worcester County,17
25.0,27.0,003326,3.0,U,1,2.0,290.0,42.234512,-71.82123,MA,Worcester County,17
25.0,27.0,003326,7.0,U,1,2.0,290.0,42.234512,-71.82123,MA,Worcester County,17
25.0,27.0,003331,1.0,R,4.0,4.0,49.0,42.162938,-72.033566,MA,Worcester County,17
25.0,27.0,003331,5.0,R,4.0,4.0,49.0,42.162938,-72.033566,MA,Worcester County,17
25.0,27.0,003403,3.0,U,2,4.0,2.0,42.521193,-71.702918,MA,Worcester County,17
25.0,27.0,003404,7.0,U,2,4.0,2.0,42.521193,-71.702918,MA,Worcester County,17
25.0,27.0,003737,3.0,U,1,2.0,290.0,42.240904,-71.81265,MA,Worcester County,17
25.0,27.0,003737,7.0,U,1,2.0,290.0,42.240904,-71.81265,MA,Worcester County,17
25.0,27,003894,3.0,U,1,2.0,290.0,42.220371,-71.828031,MA,Worcester County,17
25.0,27,003894,7.0,U,1,2.0,290.0,42.220371,-71.828031,MA,Worcester County,17
25.0,27,003895,3.0,U,1,2.0,290.0,42.199055,-71.843206,MA,Worcester County,17
25.0,27,003895,7.0,U,1,2.0,290.0,42.199055,-71.843206,MA,Worcester County,17
25.0,27,003921,1.0,U,1,2.0,84.0,42.072778,-72.098731,MA,Worcester County,17
25.0,27,003921,5.0,U,1,2.0,84.0,42.072778,-72.098731,MA,Worcester County,17
25.0,27,003929,1.0,U,1,2.0,84.0,42.111169,-72.081696,MA,Worcester County,17
25.0,27,003929,5.0,U,1,2.0,84.0,42.111169,-72.081696,MA,Worcester County,17
25.0,27,003990,1.0,U,1,2.0,495.0,42.300879,-71.564964,MA,Worcester County,17
25.0,27,003990,5.0,U,1,2.0,495.0,42.300879,-71.564964,MA,Worcester County,17
25.0,27.0,003991,1.0,U,2.0,4.0,146.0,42.218669,-71.786283,MA,Worcester County,17
25.0,27.0,003991,5.0,U,2.0,4.0,146.0,42.218669,-71.786283,MA,Worcester County,17
25.0,27.0,030703,3.0,U,3,4.0,9.0,42.282449,-71.657045,MA,Worcester County,17
25.0,27.0,030704,7.0,U,3,4.0,9.0,42.282449,-71.657045,MA,Worcester County,17
25.0,27,031001,1.0,U,2,4.0,146.0,42.112365,-71.704997,MA,Worcester County,17
25.0,27,031002,5.0,U,2,4.0,146.0,42.112365,-71.704997,MA,Worcester County,17
25.0,27.0,032112,9.0,U,4.0,3.0,202.0,42.678838,-72.059304,MA,Worcester County,17
25.0,27.0,050102,9.0,U,3.0,4.0,12.0,42.472543,-71.746702,MA,Worcester County,17
25.0,27.0,0AET08,3.0,U,1,2.0,90.0,42.276925,-71.529386,MA,Worcester County,17
25.0,27.0,0AET08,7.0,U,1,2.0,90.0,42.276925,-71.529386,MA,Worcester County,17
25.0,27.0,230304,0.0,U,4.0,4.0,2.0,42.581959,-72.198318,MA,Worcester County,17
25.0,27.0,440304,1.0,U,2.0,4.0,2.0,42.566603,-72.216599,MA,Worcester County,17
25.0,11,000006,1.0,R,1,2.0,91.0,42.539243,-72.626488,MA,Franklin County,5
25.0,11,000006,5.0,R,1,2.0,91.0,42.539243,-72.626488,MA,Franklin County,5
25.0,11,000203,1.0,R,5,4.0,112.0,42.565415,-72.802993,MA,Franklin County,5
25.0,11,000203,5.0,R,5,4.0,112.0,42.565415,-72.802993,MA,Franklin County,5
25.0,11.0,000211,1.0,R,5.0,3.0,5.0,42.521505,-72.606983,MA,Franklin County,5
25.0,11.0,000211,5.0,R,5.0,3.0,5.0,42.521505,-72.606983,MA,Franklin County,5
25.0,11.0,000602,1.0,U,1,2.0,91.0,42.511067,-72.622075,MA,Franklin County,5
25.0,11.0,000602,5.0,U,1,2.0,91.0,42.511067,-72.622075,MA,Franklin County,5
25.0,11,002009,1.0,R,1,2.0,91.0,42.654893,-72.553183,MA,Franklin County,5
25.0,11,002009,5.0,R,1,2.0,91.0,42.654893,-72.553183,MA,Franklin County,5
25.0,11.0,002012,3.0,U,3.0,4.0,2.0,42.598109,-72.497619,MA,Franklin County,5
25.0,11.0,002012,7.0,U,3.0,4.0,2.0,42.598109,-72.497619,MA,Franklin County,5
25.0,11.0,002213,1.0,U,1.0,2.0,91.0,42.60605,-72.612585,MA,Franklin County,5
25.0,11.0,002213,5.0,U,1.0,2.0,91.0,42.60605,-72.612585,MA,Franklin County,5
25.0,11.0,002264,1.0,R,4.0,4.0,10.0,42.670094,-72.537369,MA,Franklin County,5
25.0,11.0,002264,5.0,R,4.0,4.0,10.0,42.670094,-72.537369,MA,Franklin County,5
25.0,11,002265,1.0,U,4,4.0,116.0,42.492338,-72.632424,MA,Franklin County,5
25.0,11,002265,5.0,U,4,4.0,116.0,42.492338,-72.632424,MA,Franklin County,5
25.0,11,020312,9.0,R,5,4.0,112.0,42.564723,-72.803529,MA,Franklin County,5
25.0,11.0,021112,9.0,R,5.0,3.0,5.0,42.521479,-72.606972,MA,Franklin County,5
25.0,23,000007,3.0,U,1,2.0,195.0,41.670632,-70.82737,MA,Plymouth County,17
25.0,23,000007,7.0,U,1,2.0,195.0,41.670632,-70.82737,MA,Plymouth County,17
25.0,23,000020,1.0,U,2,4.0,3.0,41.808304,-70.550472,MA,Plymouth County,17
25.0,23,000020,5.0,U,2,4.0,3.0,41.808304,-70.550472,MA,Plymouth County,17
25.0,23.0,000028,1.0,U,4.0,4.0,53.0,42.193609,-70.919104,MA,Plymouth County,17
25.0,23.0,000028,5.0,U,4.0,4.0,53.0,42.193609,-70.919104,MA,Plymouth County,17
25.0,23.0,000029,3.0,U,4.0,4.0,139.0,42.114359,-70.820373,MA,Plymouth County,17
25.0,23.0,000029,7.0,U,4.0,4.0,139.0,42.114359,-70.820373,MA,Plymouth County,17
25.0,23,000036,1.0,U,2,4.0,3.0,42.127008,-70.800463,MA,Plymouth County,17
25.0,23,000036,5.0,U,2,4.0,3.0,42.127008,-70.800463,MA,Plymouth County,17
25.0,23.0,000703,3.0,U,3.0,4.0,123.0,42.089234,-70.976305,MA,Plymouth County,17
25.0,23.0,000703,7.0,U,3.0,4.0,123.0,42.089234,-70.976305,MA,Plymouth County,17
25.0,23,000704,7.0,U,1,2.0,195.0,41.669842,-70.829072,MA,Plymouth County,17
25.0,23,002001,1.0,U,2,4.0,3.0,41.820825,-70.556912,MA,Plymouth County,17
25.0,23,002002,5.0,U,2,4.0,3.0,41.820825,-70.556912,MA,Plymouth County,17
25.0,23,003601,1.0,U,2,4.0,3.0,42.127034,-70.800525,MA,Plymouth County,17
25.0,23,003602,5.0,U,2,4.0,3.0,42.127034,-70.800525,MA,Plymouth County,17
25.0,23,003803,3.0,U,1,2.0,195.0,41.669842,-70.829072,MA,Plymouth County,17
25.0,23,003804,7.0,U,1,2.0,195.0,41.669842,-70.829072,MA,Plymouth County,17
25.0,23.0,007021,1.0,U,2,4.0,24.0,42.054409,-71.059207,MA,Plymouth County,17
25.0,23.0,007021,5.0,U,2,4.0,24.0,42.054409,-71.059207,MA,Plymouth County,17
25.0,23.0,007022,1.0,U,2,4.0,24.0,42.078115,-71.062723,MA,Plymouth County,17
25.0,23.0,007022,5.0,U,2,4.0,24.0,42.078115,-71.062723,MA,Plymouth County,17
25.0,23,007023,1.0,U,1,2.0,495.0,41.887504,-70.933035,MA,Plymouth County,17
25.0,23,007023,5.0,U,1,2.0,495.0,41.887504,-70.933035,MA,Plymouth County,17
25.0,23.0,007044,1.0,U,2,4.0,24.0,42.00042,-71.034954,MA,Plymouth County,17
25.0,23.0,007044,5.0,U,2,4.0,24.0,42.00042,-71.034954,MA,Plymouth County,17
25.0,23,007100,1.0,U,1,2.0,495.0,41.812516,-70.789837,MA,Plymouth County,17
25.0,23,007100,5.0,U,1,2.0,495.0,41.812516,-70.789837,MA,Plymouth County,17
25.0,23,007111,1.0,U,1,2.0,495.0,41.879308,-70.913053,MA,Plymouth County,17
25.0,23,007111,5.0,U,1,2.0,495.0,41.879308,-70.913053,MA,Plymouth County,17
25.0,23,007116,1.0,U,1,2.0,495.0,41.805223,-70.767374,MA,Plymouth County,17
25.0,23,007116,5.0,U,1,2.0,495.0,41.805223,-70.767374,MA,Plymouth County,17
25.0,23,007181,3.0,U,1,2.0,195.0,41.698409,-70.800139,MA,Plymouth County,17
25.0,23,007181,7.0,U,1,2.0,195.0,41.698409,-70.800139,MA,Plymouth County,17
25.0,23,007185,3.0,U,2,4.0,25.0,41.775568,-70.706124,MA,Plymouth County,17
25.0,23,007185,7.0,U,2,4.0,25.0,41.775568,-70.706124,MA,Plymouth County,17
25.0,23,007318,1.0,U,2,4.0,3.0,42.172708,-70.908145,MA,Plymouth County,17
25.0,23,007318,5.0,U,2,4.0,3.0,42.172708,-70.908145,MA,Plymouth County,17
25.0,23.0,007352,3.0,U,3.0,3.0,44.0,41.90748,-70.91699,MA,Plymouth County,17
25.0,23.0,007352,7.0,U,3.0,3.0,44.0,41.90748,-70.91699,MA,Plymouth County,17
25.0,23.0,070334,0.0,U,3.0,4.0,123.0,42.089429,-70.975928,MA,Plymouth County,17
25.0,23,0H8165,1.0,U,2,4.0,3.0,42.172708,-70.908145,MA,Plymouth County,17
25.0,23,0H8165,5.0,U,2,4.0,3.0,42.172708,-70.908145,MA,Plymouth County,17
25.0,21.0,000010,1.0,U,1,2.0,495.0,42.026914,-71.257251,MA,Norfolk County,17
25.0,21.0,000010,5.0,U,1,2.0,495.0,42.026914,-71.257251,MA,Norfolk County,17
25.0,21.0,000013,1.0,U,3.0,4.0,138.0,42.239592,-71.108246,MA,Norfolk County,17
25.0,21.0,000013,5.0,U,3.0,4.0,138.0,42.239592,-71.108246,MA,Norfolk County,17
25.0,21.0,000039,1.0,U,3.0,4.0,27.0,42.205465,-71.339344,MA,Norfolk County,17
25.0,21.0,000039,5.0,U,3.0,4.0,27.0,42.205465,-71.339344,MA,Norfolk County,17
25.0,21.0,000041,1.0,U,1,2.0,95.0,42.273165,-71.198759,MA,Norfolk County,17
25.0,21.0,000041,5.0,U,1,2.0,95.0,42.273165,-71.198759,MA,Norfolk County,17
25.0,21.0,000077,1.0,U,1.0,2.0,93.0,42.235349,-71.023205,MA,Norfolk County,17
25.0,21.0,000077,5.0,U,1.0,2.0,93.0,42.235349,-71.023205,MA,Norfolk County,17
25.0,21,000614,1.0,U,2,4.0,24.0,42.183096,-71.075981,MA,Norfolk County,17
25.0,21,000614,5.0,U,2,4.0,24.0,42.183096,-71.075981,MA,Norfolk County,17
25.0,21.0,000691,1.0,U,1.0,2.0,93.0,42.210223,-71.046649,MA,Norfolk County,17
25.0,21.0,000691,5.0,U,1.0,2.0,93.0,42.210223,-71.046649,MA,Norfolk County,17
25.0,21,003180,1.0,U,1,2.0,495.0,42.134071,-71.477293,MA,Norfolk County,17
25.0,21,003180,5.0,U,1,2.0,495.0,42.134071,-71.477293,MA,Norfolk County,17
25.0,21,004101,1.0,U,1,2.0,95.0,42.273706,-71.198725,MA,Norfolk County,17
25.0,21,004102,5.0,U,1,2.0,95.0,42.273706,-71.198725,MA,Norfolk County,17
25.0,21,006004,1.0,U,1,2.0,95.0,42.236724,-71.191958,MA,Norfolk County,17
25.0,21,006004,5.0,U,1,2.0,95.0,42.236724,-71.191958,MA,Norfolk County,17
25.0,21,006093,1.0,U,1,2.0,95.0,42.067456,-71.228007,MA,Norfolk County,17
25.0,21,006093,5.0,U,1,2.0,95.0,42.067456,-71.228007,MA,Norfolk County,17
25.0,21.0,006096,1.0,U,1,2.0,95.0,42.202364,-71.143011,MA,Norfolk County,17
25.0,21.0,006096,5.0,U,1,2.0,95.0,42.202364,-71.143011,MA,Norfolk County,17
25.0,21.0,006097,1.0,U,1.0,2.0,93.0,42.203017,-71.127545,MA,Norfolk County,17
25.0,21.0,006097,5.0,U,1.0,2.0,93.0,42.203017,-71.127545,MA,Norfolk County,17
25.0,21,006125,1.0,U,1,2.0,495.0,42.103402,-71.44673,MA,Norfolk County,17
25.0,21,006125,5.0,U,1,2.0,495.0,42.103402,-71.44673,MA,Norfolk County,17
25.0,21.0,006126,1.0,U,1,2.0,495.0,42.08787,-71.425113,MA,Norfolk County,17
25.0,21.0,006126,5.0,U,1,2.0,495.0,42.08787,-71.425113,MA,Norfolk County,17
25.0,21,006127,1.0,U,1,2.0,495.0,42.04767,-71.362527,MA,Norfolk County,17
25.0,21,006127,5.0,U,1,2.0,495.0,42.04767,-71.362527,MA,Norfolk County,17
25.0,21,006132,1.0,U,1,2.0,95.0,42.26874,-71.201027,MA,Norfolk County,17
25.0,21,006132,5.0,U,1,2.0,95.0,42.26874,-71.201027,MA,Norfolk County,17
25.0,21.0,006161,1.0,U,1,2.0,95.0,42.305981,-71.226221,MA,Norfolk County,17
25.0,21.0,006161,5.0,U,1,2.0,95.0,42.305981,-71.226221,MA,Norfolk County,17
25.0,21,006189,1.0,U,1,2.0,95.0,42.256553,-71.208439,MA,Norfolk County,17
25.0,21,006189,5.0,U,1,2.0,95.0,42.256553,-71.208439,MA,Norfolk County,17
25.0,21.0,006205,1.0,U,1.0,2.0,95.0,42.225791,-71.177311,MA,Norfolk County,17
25.0,21.0,006205,5.0,U,1.0,2.0,95.0,42.225791,-71.177311,MA,Norfolk County,17
25.0,21.0,006207,1.0,U,3,3.0,1.0,42.212679,-71.182781,MA,Norfolk County,17
25.0,21.0,006207,5.0,U,3,3.0,1.0,42.212679,-71.182781,MA,Norfolk County,17
25.0,21.0,006223,1.0,U,1.0,2.0,93.0,42.203418,-71.106987,MA,Norfolk County,17
25.0,21.0,006223,5.0,U,1.0,2.0,93.0,42.203418,-71.106987,MA,Norfolk County,17
25.0,21.0,006227,1.0,U,1.0,2.0,93.0,42.202568,-71.089639,MA,Norfolk County,17
25.0,21.0,006227,5.0,U,1.0,2.0,93.0,42.202568,-71.089639,MA,Norfolk County,17
25.0,21.0,006228,1.0,U,1.0,2.0,95.0,42.216966,-71.156453,MA,Norfolk County,17
25.0,21.0,006228,5.0,U,1.0,2.0,95.0,42.216966,-71.156453,MA,Norfolk County,17
25.0,21,006237,1.0,U,2,4.0,24.0,42.153039,-71.067939,MA,Norfolk County,17
25.0,21,006237,5.0,U,2,4.0,24.0,42.153039,-71.067939,MA,Norfolk County,17
25.0,21.0,006238,1.0,U,2,4.0,24.0,42.113156,-71.059602,MA,Norfolk County,17
25.0,21.0,006238,5.0,U,2,4.0,24.0,42.113156,-71.059602,MA,Norfolk County,17
25.0,21,006242,1.0,U,1,2.0,95.0,42.144203,-71.206923,MA,Norfolk County,17
25.0,21,006242,5.0,U,1,2.0,95.0,42.144203,-71.206923,MA,Norfolk County,17
25.0,21.0,006247,1.0,U,1,2.0,495.0,42.028246,-71.260186,MA,Norfolk County,17
25.0,21.0,006247,5.0,U,1,2.0,495.0,42.028246,-71.260186,MA,Norfolk County,17
25.0,21.0,006248,1.0,U,1,2.0,95.0,42.028786,-71.253488,MA,Norfolk County,17
25.0,21.0,006248,5.0,U,1,2.0,95.0,42.028786,-71.253488,MA,Norfolk County,17
25.0,21.0,006255,1.0,U,2,4.0,3.0,42.195881,-70.959457,MA,Norfolk County,17
25.0,21.0,006255,5.0,U,2,4.0,3.0,42.195881,-70.959457,MA,Norfolk County,17
25.0,21.0,006278,1.0,U,1.0,2.0,93.0,42.203991,-71.070634,MA,Norfolk County,17
25.0,21.0,006278,5.0,U,1.0,2.0,93.0,42.203991,-71.070634,MA,Norfolk County,17
25.0,21,006345,1.0,U,1,2.0,95.0,42.319956,-71.244411,MA,Norfolk County,17
25.0,21,006345,5.0,U,1,2.0,95.0,42.319956,-71.244411,MA,Norfolk County,17
25.0,21.0,006354,1.0,U,1.0,2.0,95.0,42.209478,-71.143358,MA,Norfolk County,17
25.0,21.0,006354,5.0,U,1.0,2.0,95.0,42.209478,-71.143358,MA,Norfolk County,17
25.0,21,006646,1.0,U,2,4.0,3.0,42.18861,-70.936085,MA,Norfolk County,17
25.0,21,006646,5.0,U,2,4.0,3.0,42.18861,-70.936085,MA,Norfolk County,17
25.0,21.0,006647,1.0,U,4,3.0,1.0,42.008146,-71.322335,MA,Norfolk County,17
25.0,21.0,006647,5.0,U,4,3.0,1.0,42.008146,-71.322335,MA,Norfolk County,17
25.0,21.0,008050,1.0,U,3.0,4.0,3.0,42.24464,-70.967671,MA,Norfolk County,17
25.0,21.0,008050,5.0,U,3.0,4.0,3.0,42.24464,-70.967671,MA,Norfolk County,17
25.0,21.0,008931,1.0,U,1.0,2.0,93.0,42.236823,-71.023425,MA,Norfolk County,17
25.0,21.0,008931,5.0,U,1.0,2.0,93.0,42.236823,-71.023425,MA,Norfolk County,17
25.0,21.0,008933,1.0,U,1.0,2.0,93.0,42.276028,-71.049647,MA,Norfolk County,17
25.0,21.0,008933,5.0,U,1.0,2.0,93.0,42.276028,-71.049647,MA,Norfolk County,17
25.0,21,061401,1.0,U,2,4.0,24.0,42.196021,-71.077645,MA,Norfolk County,17
25.0,21,061402,5.0,U,2,4.0,24.0,42.196021,-71.077645,MA,Norfolk County,17
25.0,21.0,069101,1.0,U,1.0,2.0,93.0,42.210263,-71.046566,MA,Norfolk County,17
25.0,21.0,069102,5.0,U,1.0,2.0,93.0,42.210263,-71.046566,MA,Norfolk County,17
25.0,21,0H8166,1.0,U,2,4.0,3.0,42.18861,-70.936085,MA,Norfolk County,17
25.0,21,0H8166,5.0,U,2,4.0,3.0,42.18861,-70.936085,MA,Norfolk County,17
25.0,21.0,0H8167,1.0,U,2,4.0,3.0,42.202322,-70.980717,MA,Norfolk County,17
25.0,21.0,0H8167,5.0,U,2,4.0,3.0,42.202322,-70.980717,MA,Norfolk County,17
25.0,21,0H8462,1.0,U,2,4.0,24.0,42.171276,-71.072994,MA,Norfolk County,17
25.0,21,0H8462,5.0,U,2,4.0,24.0,42.171276,-71.072994,MA,Norfolk County,17
25.0,21.0,0H8483,1.0,U,1.0,2.0,93.0,42.247674,-71.036626,MA,Norfolk County,17
25.0,21.0,0H8483,5.0,U,1.0,2.0,93.0,42.247674,-71.036626,MA,Norfolk County,17
25.0,21.0,0H8484,1.0,U,1.0,2.0,93.0,42.203456,-71.130673,MA,Norfolk County,17
25.0,21.0,0H8484,5.0,U,1.0,2.0,93.0,42.203456,-71.130673,MA,Norfolk County,17
25.0,21.0,0H8486,1.0,U,1.0,2.0,93.0,42.204658,-71.067271,MA,Norfolk County,17
25.0,21.0,0H8486,5.0,U,1.0,2.0,93.0,42.204658,-71.067271,MA,Norfolk County,17
25.0,21.0,0H8487,1.0,U,1.0,2.0,93.0,42.207984,-71.051612,MA,Norfolk County,17
25.0,21.0,0H8487,5.0,U,1.0,2.0,93.0,42.207984,-71.051612,MA,Norfolk County,17
25.0,21.0,0H8488,1.0,U,1.0,2.0,93.0,42.221234,-71.034189,MA,Norfolk County,17
25.0,21.0,0H8488,5.0,U,1.0,2.0,93.0,42.221234,-71.034189,MA,Norfolk County,17
25.0,21.0,0H8490,1.0,U,1.0,2.0,93.0,42.267169,-71.047209,MA,Norfolk County,17
25.0,21.0,0H8490,5.0,U,1.0,2.0,93.0,42.267169,-71.047209,MA,Norfolk County,17
25.0,21.0,0H8496,1.0,U,1.0,2.0,95.0,42.225791,-71.177311,MA,Norfolk County,17
25.0,21.0,0H8496,5.0,U,1.0,2.0,95.0,42.225791,-71.177311,MA,Norfolk County,17
25.0,21,0H8497,1.0,U,1,2.0,95.0,42.236724,-71.191958,MA,Norfolk County,17
25.0,21,0H8497,5.0,U,1,2.0,95.0,42.236724,-71.191958,MA,Norfolk County,17
25.0,21,0H8499,1.0,U,1,2.0,95.0,42.287112,-71.208759,MA,Norfolk County,17
25.0,21,0H8499,5.0,U,1,2.0,95.0,42.287112,-71.208759,MA,Norfolk County,17
25.0,21.0,0H8500,1.0,U,1,2.0,95.0,42.294032,-71.216703,MA,Norfolk County,17
25.0,21.0,0H8500,5.0,U,1,2.0,95.0,42.294032,-71.216703,MA,Norfolk County,17
25.0,21,0H8501,1.0,U,1,2.0,95.0,42.307669,-71.227304,MA,Norfolk County,17
25.0,21,0H8501,5.0,U,1,2.0,95.0,42.307669,-71.227304,MA,Norfolk County,17
25.0,21.0,H13387,1.0,U,1.0,2.0,95.0,42.216966,-71.156453,MA,Norfolk County,17
25.0,21.0,H13387,5.0,U,1.0,2.0,95.0,42.216966,-71.156453,MA,Norfolk County,17
25.0,15.0,000011,1.0,U,4.0,3.0,5.0,42.344505,-72.642902,MA,Hampshire County,5
25.0,15.0,000011,5.0,U,4.0,3.0,5.0,42.344505,-72.642902,MA,Hampshire County,5
25.0,15,000130,1.0,R,4,4.0,112.0,42.253333,-72.867153,MA,Hampshire County,5
25.0,15,000130,5.0,R,4,4.0,112.0,42.253333,-72.867153,MA,Hampshire County,5
25.0,15,002164,1.0,R,5,4.0,112.0,42.470712,-72.809604,MA,Hampshire County,5
25.0,15,002164,5.0,R,5,4.0,112.0,42.470712,-72.809604,MA,Hampshire County,5
25.0,15.0,002405,1.0,U,1,2.0,91.0,42.342505,-72.640681,MA,Hampshire County,5
25.0,15.0,002405,5.0,U,1,2.0,91.0,42.342505,-72.640681,MA,Hampshire County,5
25.0,15,002425,1.0,U,1,2.0,91.0,42.337837,-72.630433,MA,Hampshire County,5
25.0,15,002425,5.0,U,1,2.0,91.0,42.337837,-72.630433,MA,Hampshire County,5
25.0,15,002436,1.0,U,1,2.0,91.0,42.329382,-72.617618,MA,Hampshire County,5
25.0,15,002436,5.0,U,1,2.0,91.0,42.329382,-72.617618,MA,Hampshire County,5
25.0,15,002452,1.0,U,1,2.0,91.0,42.286487,-72.619903,MA,Hampshire County,5
25.0,15,002452,5.0,U,1,2.0,91.0,42.286487,-72.619903,MA,Hampshire County,5
25.0,15,013012,9.0,R,4,4.0,112.0,42.253359,-72.867068,MA,Hampshire County,5
25.0,15.0,110102,9.0,U,4.0,3.0,5.0,42.358978,-72.638207,MA,Hampshire County,5
25.0,9.0,000012,3.0,U,4.0,4.0,110.0,42.809958,-71.035376,MA,Essex County,17
25.0,9.0,000012,7.0,U,4.0,4.0,110.0,42.809958,-71.035376,MA,Essex County,17
25.0,9,000018,1.0,U,1,2.0,95.0,42.730428,-70.954275,MA,Essex County,17
25.0,9,000018,5.0,U,1,2.0,95.0,42.730428,-70.954275,MA,Essex County,17
25.0,9.0,000035,1.0,U,2,4.0,128.0,42.574061,-70.865491,MA,Essex County,17
25.0,9.0,000035,5.0,U,2,4.0,128.0,42.574061,-70.865491,MA,Essex County,17
25.0,9,000500,1.0,U,1,2.0,495.0,42.810443,-71.027934,MA,Essex County,17
25.0,9,000500,5.0,U,1,2.0,495.0,42.810443,-71.027934,MA,Essex County,17
25.0,9.0,000502,1.0,U,3.0,4.0,114.0,42.668251,-71.119162,MA,Essex County,17
25.0,9.0,000502,5.0,U,3.0,4.0,114.0,42.668251,-71.119162,MA,Essex County,17
25.0,9,000511,1.0,U,1,2.0,93.0,42.692485,-71.207129,MA,Essex County,17
25.0,9,000511,5.0,U,1,2.0,93.0,42.692485,-71.207129,MA,Essex County,17
25.0,9,000550,1.0,U,3,3.0,1.0,42.555942,-70.979547,MA,Essex County,17
25.0,9,000550,5.0,U,3,3.0,1.0,42.555942,-70.979547,MA,Essex County,17
25.0,9,001801,1.0,U,1,2.0,95.0,42.715749,-70.960654,MA,Essex County,17
25.0,9,001802,5.0,U,1,2.0,95.0,42.715749,-70.960654,MA,Essex County,17
25.0,9.0,003501,1.0,U,2,4.0,128.0,42.574776,-70.873079,MA,Essex County,17
25.0,9.0,003502,5.0,U,2,4.0,128.0,42.574776,-70.873079,MA,Essex County,17
25.0,9.0,004121,1.0,U,1,2.0,95.0,42.519725,-71.053776,MA,Essex County,17
25.0,9.0,004121,5.0,U,1,2.0,95.0,42.519725,-71.053776,MA,Essex County,17
25.0,9.0,005007,1.0,U,1,2.0,95.0,42.880507,-70.882957,MA,Essex County,17
25.0,9.0,005007,5.0,U,1,2.0,95.0,42.880507,-70.882957,MA,Essex County,17
25.0,9,005010,1.0,U,1,2.0,95.0,42.779041,-70.926786,MA,Essex County,17
25.0,9,005010,5.0,U,1,2.0,95.0,42.779041,-70.926786,MA,Essex County,17
25.0,9,005022,1.0,U,1,2.0,93.0,42.608265,-71.172812,MA,Essex County,17
25.0,9,005022,5.0,U,1,2.0,93.0,42.608265,-71.172812,MA,Essex County,17
25.0,9,005048,1.0,U,1,2.0,95.0,42.610261,-70.97264,MA,Essex County,17
25.0,9,005048,5.0,U,1,2.0,95.0,42.610261,-70.97264,MA,Essex County,17
25.0,9,005070,1.0,U,1,2.0,495.0,42.791527,-71.107472,MA,Essex County,17
25.0,9,005070,5.0,U,1,2.0,495.0,42.791527,-71.107472,MA,Essex County,17
25.0,9,005073,1.0,U,1,2.0,93.0,42.655139,-71.190031,MA,Essex County,17
25.0,9,005073,5.0,U,1,2.0,93.0,42.655139,-71.190031,MA,Essex County,17
25.0,9,005075,1.0,U,1,2.0,495.0,42.675721,-71.167456,MA,Essex County,17
25.0,9,005075,5.0,U,1,2.0,495.0,42.675721,-71.167456,MA,Essex County,17
25.0,9,005084,1.0,U,1,2.0,95.0,42.692108,-70.970933,MA,Essex County,17
25.0,9,005084,5.0,U,1,2.0,95.0,42.692108,-70.970933,MA,Essex County,17
25.0,9.0,005086,1.0,U,2,4.0,128.0,42.621139,-70.71695,MA,Essex County,17
25.0,9.0,005086,5.0,U,2,4.0,128.0,42.621139,-70.71695,MA,Essex County,17
25.0,9,005087,1.0,U,1,2.0,95.0,42.857339,-70.895981,MA,Essex County,17
25.0,9,005087,5.0,U,1,2.0,95.0,42.857339,-70.895981,MA,Essex County,17
25.0,9,005093,1.0,U,1,2.0,93.0,42.720814,-71.208876,MA,Essex County,17
25.0,9,005093,5.0,U,1,2.0,93.0,42.720814,-71.208876,MA,Essex County,17
25.0,9,005096,1.0,U,1,2.0,93.0,42.741134,-71.207393,MA,Essex County,17
25.0,9,005096,5.0,U,1,2.0,93.0,42.741134,-71.207393,MA,Essex County,17
25.0,9,005108,1.0,U,1,2.0,95.0,42.865073,-70.891804,MA,Essex County,17
25.0,9,005108,5.0,U,1,2.0,95.0,42.865073,-70.891804,MA,Essex County,17
25.0,9.0,005122,1.0,U,1,2.0,495.0,42.778483,-71.116562,MA,Essex County,17
25.0,9.0,005122,5.0,U,1,2.0,495.0,42.778483,-71.116562,MA,Essex County,17
25.0,9,005127,1.0,U,3,4.0,125.0,42.601919,-71.128432,MA,Essex County,17
25.0,9,005127,5.0,U,3,4.0,125.0,42.601919,-71.128432,MA,Essex County,17
25.0,9.0,005128,1.0,U,3.0,3.0,1.0,42.787207,-70.879526,MA,Essex County,17
25.0,9.0,005128,5.0,U,3.0,3.0,1.0,42.787207,-70.879526,MA,Essex County,17
25.0,9,005155,1.0,U,1,2.0,93.0,42.634058,-71.180539,MA,Essex County,17
25.0,9,005155,5.0,U,1,2.0,93.0,42.634058,-71.180539,MA,Essex County,17
25.0,9,005211,1.0,U,1,2.0,495.0,42.767452,-71.120503,MA,Essex County,17
25.0,9,005211,5.0,U,1,2.0,495.0,42.767452,-71.120503,MA,Essex County,17
25.0,9.0,005215,1.0,U,1,2.0,495.0,42.801795,-71.08958,MA,Essex County,17
25.0,9.0,005215,5.0,U,1,2.0,495.0,42.801795,-71.08958,MA,Essex County,17
25.0,9,005234,1.0,U,1,2.0,495.0,42.835772,-70.9556,MA,Essex County,17
25.0,9,005234,5.0,U,1,2.0,495.0,42.835772,-70.9556,MA,Essex County,17
25.0,9,005241,1.0,U,1,2.0,495.0,42.853975,-70.903726,MA,Essex County,17
25.0,9,005241,5.0,U,1,2.0,495.0,42.853975,-70.903726,MA,Essex County,17
25.0,9.0,005258,1.0,U,1,2.0,95.0,42.784682,-70.923607,MA,Essex County,17
25.0,9.0,005258,5.0,U,1,2.0,95.0,42.784682,-70.923607,MA,Essex County,17
25.0,9,005557,1.0,U,1,2.0,95.0,42.573106,-70.969646,MA,Essex County,17
25.0,9,005557,5.0,U,1,2.0,95.0,42.573106,-70.969646,MA,Essex County,17
25.0,9,005558,1.0,U,1,2.0,95.0,42.584161,-70.962057,MA,Essex County,17
25.0,9,005558,5.0,U,1,2.0,95.0,42.584161,-70.962057,MA,Essex County,17
25.0,9,050001,1.0,U,1,2.0,495.0,42.818568,-71.019867,MA,Essex County,17
25.0,9,050002,5.0,U,1,2.0,495.0,42.818568,-71.019867,MA,Essex County,17
25.0,9.0,050201,1.0,U,3.0,4.0,114.0,42.668419,-71.119408,MA,Essex County,17
25.0,9.0,050202,5.0,U,3.0,4.0,114.0,42.668419,-71.119408,MA,Essex County,17
25.0,9,051101,1.0,U,1,2.0,93.0,42.678632,-71.200791,MA,Essex County,17
25.0,9,051102,5.0,U,1,2.0,93.0,42.678632,-71.200791,MA,Essex County,17
25.0,9,055001,1.0,U,3,3.0,1.0,42.555974,-70.979528,MA,Essex County,17
25.0,9,055002,5.0,U,3,3.0,1.0,42.555974,-70.979528,MA,Essex County,17
25.0,9.0,120304,0.0,U,4.0,4.0,110.0,42.80989,-71.035519,MA,Essex County,17
25.0,9.0,H12564,1.0,U,1,2.0,93.0,42.625725,-71.177975,MA,Essex County,17
25.0,9.0,H12564,5.0,U,1,2.0,93.0,42.625725,-71.177975,MA,Essex County,17
25.0,17,000014,1.0,U,1,2.0,95.0,42.498125,-71.165024,MA,Middlesex County,17
25.0,17,000014,5.0,U,1,2.0,95.0,42.498125,-71.165024,MA,Middlesex County,17
25.0,17.0,000019,1.0,U,2,3.0,3.0,42.601373,-71.322611,MA,Middlesex County,17
25.0,17.0,000019,5.0,U,2,3.0,3.0,42.601373,-71.322611,MA,Middlesex County,17
25.0,17.0,000021,3.0,U,4.0,4.0,113.0,42.649491,-71.379162,MA,Middlesex County,17
25.0,17.0,000021,7.0,U,4.0,4.0,113.0,42.649491,-71.379162,MA,Middlesex County,17
25.0,17,000032,1.0,U,1,2.0,95.0,42.345417,-71.26251,MA,Middlesex County,17
25.0,17,000032,5.0,U,1,2.0,95.0,42.345417,-71.26251,MA,Middlesex County,17
25.0,17,000082,1.0,U,1,2.0,93.0,42.446904,-71.104941,MA,Middlesex County,17
25.0,17,000082,5.0,U,1,2.0,93.0,42.446904,-71.104941,MA,Middlesex County,17
25.0,17,000101,1.0,U,1,2.0,95.0,42.500907,-71.145063,MA,Middlesex County,17
25.0,17,000102,5.0,U,1,2.0,95.0,42.500907,-71.145063,MA,Middlesex County,17
25.0,17,000390,1.0,U,1,2.0,495.0,42.330435,-71.57431,MA,Middlesex County,17
25.0,17,000390,5.0,U,1,2.0,495.0,42.330435,-71.57431,MA,Middlesex County,17
25.0,17.0,000403,3.0,U,3.0,4.0,2.0,42.466437,-71.394159,MA,Middlesex County,17
25.0,17.0,000403,7.0,U,3.0,4.0,2.0,42.466437,-71.394159,MA,Middlesex County,17
25.0,17.0,000407,1.0,U,3,4.0,28.0,42.501479,-71.101395,MA,Middlesex County,17
25.0,17.0,000407,5.0,U,3,4.0,28.0,42.501479,-71.101395,MA,Middlesex County,17
25.0,17.0,000411,1.0,U,3.0,4.0,27.0,42.263825,-71.362167,MA,Middlesex County,17
25.0,17.0,000411,5.0,U,3.0,4.0,27.0,42.263825,-71.362167,MA,Middlesex County,17
25.0,17,000415,1.0,U,1,2.0,95.0,42.334715,-71.256717,MA,Middlesex County,17
25.0,17,000415,5.0,U,1,2.0,95.0,42.334715,-71.256717,MA,Middlesex County,17
25.0,17,000803,3.0,U,1,2.0,290.0,42.361064,-71.597149,MA,Middlesex County,17
25.0,17,000804,7.0,U,1,2.0,290.0,42.361064,-71.597149,MA,Middlesex County,17
25.0,17.0,000822,3.0,U,2,4.0,2.0,42.40067,-71.151912,MA,Middlesex County,17
25.0,17.0,000822,7.0,U,2,4.0,2.0,42.40067,-71.151912,MA,Middlesex County,17
25.0,17,001401,1.0,U,1,2.0,95.0,42.497873,-71.166295,MA,Middlesex County,17
25.0,17,001402,5.0,U,1,2.0,95.0,42.497873,-71.166295,MA,Middlesex County,17
25.0,17,001403,5.0,U,1,2.0,95.0,42.497873,-71.166295,MA,Middlesex County,17
25.0,17,001404,5.0,U,1,2.0,95.0,42.497873,-71.166295,MA,Middlesex County,17
25.0,17,003201,1.0,U,1,2.0,95.0,42.35169,-71.264376,MA,Middlesex County,17
25.0,17,003202,5.0,U,1,2.0,95.0,42.35169,-71.264376,MA,Middlesex County,17
25.0,17,004010,1.0,U,1,2.0,495.0,42.480548,-71.549069,MA,Middlesex County,17
25.0,17,004010,5.0,U,1,2.0,495.0,42.480548,-71.549069,MA,Middlesex County,17
25.0,17.0,004013,3.0,U,3,4.0,2.0,42.433163,-71.269015,MA,Middlesex County,17
25.0,17.0,004013,7.0,U,3,4.0,2.0,42.433163,-71.269015,MA,Middlesex County,17
25.0,17,004020,1.0,U,1,2.0,495.0,42.551178,-71.469607,MA,Middlesex County,17
25.0,17,004020,5.0,U,1,2.0,495.0,42.551178,-71.469607,MA,Middlesex County,17
25.0,17,004033,1.0,U,1,2.0,495.0,42.626637,-71.273792,MA,Middlesex County,17
25.0,17,004033,5.0,U,1,2.0,495.0,42.626637,-71.273792,MA,Middlesex County,17
25.0,17,004048,1.0,U,2,3.0,3.0,42.620359,-71.353002,MA,Middlesex County,17
25.0,17,004048,5.0,U,2,3.0,3.0,42.620359,-71.353002,MA,Middlesex County,17
25.0,17,004049,1.0,U,1,2.0,95.0,42.502869,-71.124497,MA,Middlesex County,17
25.0,17,004049,5.0,U,1,2.0,95.0,42.502869,-71.124497,MA,Middlesex County,17
25.0,17,004065,1.0,U,1,2.0,95.0,42.421127,-71.256977,MA,Middlesex County,17
25.0,17,004065,5.0,U,1,2.0,95.0,42.421127,-71.256977,MA,Middlesex County,17
25.0,17,004071,1.0,U,2,3.0,3.0,42.580812,-71.307717,MA,Middlesex County,17
25.0,17,004071,5.0,U,2,3.0,3.0,42.580812,-71.307717,MA,Middlesex County,17
25.0,17.0,004089,1.0,U,1,2.0,495.0,42.367718,-71.593989,MA,Middlesex County,17
25.0,17.0,004089,5.0,U,1,2.0,495.0,42.367718,-71.593989,MA,Middlesex County,17
25.0,17,004090,1.0,U,1,2.0,495.0,42.515262,-71.514108,MA,Middlesex County,17
25.0,17,004090,5.0,U,1,2.0,495.0,42.515262,-71.514108,MA,Middlesex County,17
25.0,17.0,004091,1.0,U,1,2.0,495.0,42.5239,-71.505358,MA,Middlesex County,17
25.0,17.0,004091,5.0,U,1,2.0,495.0,42.5239,-71.505358,MA,Middlesex County,17
25.0,17,004095,1.0,U,1,2.0,93.0,42.579015,-71.15329,MA,Middlesex County,17
25.0,17,004095,5.0,U,1,2.0,93.0,42.579015,-71.15329,MA,Middlesex County,17
25.0,17,004096,1.0,U,1,2.0,93.0,42.544573,-71.135297,MA,Middlesex County,17
25.0,17,004096,5.0,U,1,2.0,93.0,42.544573,-71.135297,MA,Middlesex County,17
25.0,17,004097,1.0,U,1,2.0,93.0,42.518235,-71.131625,MA,Middlesex County,17
25.0,17,004097,5.0,U,1,2.0,93.0,42.518235,-71.131625,MA,Middlesex County,17
25.0,17,004098,1.0,U,1,2.0,93.0,42.488993,-71.11755,MA,Middlesex County,17
25.0,17,004098,5.0,U,1,2.0,93.0,42.488993,-71.11755,MA,Middlesex County,17
25.0,17,004099,1.0,U,1,2.0,93.0,42.475382,-71.111483,MA,Middlesex County,17
25.0,17,004099,5.0,U,1,2.0,93.0,42.475382,-71.111483,MA,Middlesex County,17
25.0,17,004118,1.0,U,1,2.0,95.0,42.461603,-71.257617,MA,Middlesex County,17
25.0,17,004118,5.0,U,1,2.0,95.0,42.461603,-71.257617,MA,Middlesex County,17
25.0,17,004119,1.0,U,1,2.0,95.0,42.383359,-71.263184,MA,Middlesex County,17
25.0,17,004119,5.0,U,1,2.0,95.0,42.383359,-71.263184,MA,Middlesex County,17
25.0,17,004120,1.0,U,1,2.0,95.0,42.407903,-71.258499,MA,Middlesex County,17
25.0,17,004120,5.0,U,1,2.0,95.0,42.407903,-71.258499,MA,Middlesex County,17
25.0,17.0,004137,1.0,U,1,2.0,95.0,42.521263,-71.085951,MA,Middlesex County,17
25.0,17.0,004137,5.0,U,1,2.0,95.0,42.521263,-71.085951,MA,Middlesex County,17
25.0,17,004138,1.0,U,1,2.0,95.0,42.43399,-71.259604,MA,Middlesex County,17
25.0,17,004138,5.0,U,1,2.0,95.0,42.43399,-71.259604,MA,Middlesex County,17
25.0,17,004139,1.0,U,1,2.0,495.0,42.614412,-71.30048,MA,Middlesex County,17
25.0,17,004139,5.0,U,1,2.0,495.0,42.614412,-71.30048,MA,Middlesex County,17
25.0,17.0,004140,1.0,U,1,2.0,95.0,42.472109,-71.241413,MA,Middlesex County,17
25.0,17.0,004140,5.0,U,1,2.0,95.0,42.472109,-71.241413,MA,Middlesex County,17
25.0,17.0,004147,1.0,U,1,2.0,95.0,42.505135,-71.097155,MA,Middlesex County,17
25.0,17.0,004147,5.0,U,1,2.0,95.0,42.505135,-71.097155,MA,Middlesex County,17
25.0,17.0,004158,1.0,U,1,2.0,95.0,42.502661,-71.106084,MA,Middlesex County,17
25.0,17.0,004158,5.0,U,1,2.0,95.0,42.502661,-71.106084,MA,Middlesex County,17
25.0,17,004159,1.0,U,1,2.0,95.0,42.501258,-71.142472,MA,Middlesex County,17
25.0,17,004159,5.0,U,1,2.0,95.0,42.501258,-71.142472,MA,Middlesex County,17
25.0,17.0,004160,1.0,U,1.0,2.0,95.0,42.482332,-71.201567,MA,Middlesex County,17
25.0,17.0,004160,5.0,U,1.0,2.0,95.0,42.482332,-71.201567,MA,Middlesex County,17
25.0,17.0,004165,1.0,U,1,2.0,95.0,42.331803,-71.254625,MA,Middlesex County,17
25.0,17.0,004165,5.0,U,1,2.0,95.0,42.331803,-71.254625,MA,Middlesex County,17
25.0,17,004169,1.0,U,1,2.0,93.0,42.467348,-71.10579,MA,Middlesex County,17
25.0,17,004169,5.0,U,1,2.0,93.0,42.467348,-71.10579,MA,Middlesex County,17
25.0,17,004170,1.0,U,1,2.0,495.0,42.60317,-71.353015,MA,Middlesex County,17
25.0,17,004170,5.0,U,1,2.0,495.0,42.60317,-71.353015,MA,Middlesex County,17
25.0,17.0,004171,1.0,U,1,2.0,95.0,42.477393,-71.216498,MA,Middlesex County,17
25.0,17.0,004171,5.0,U,1,2.0,95.0,42.477393,-71.216498,MA,Middlesex County,17
25.0,17.0,004172,3.0,U,2,4.0,2.0,42.491249,-71.460264,MA,Middlesex County,17
25.0,17.0,004172,7.0,U,2,4.0,2.0,42.491249,-71.460264,MA,Middlesex County,17
25.0,17.0,004285,1.0,U,1,2.0,495.0,42.606999,-71.331492,MA,Middlesex County,17
25.0,17.0,004285,5.0,U,1,2.0,495.0,42.606999,-71.331492,MA,Middlesex County,17
25.0,17,004391,1.0,U,1,2.0,93.0,42.566233,-71.144913,MA,Middlesex County,17
25.0,17,004391,5.0,U,1,2.0,93.0,42.566233,-71.144913,MA,Middlesex County,17
25.0,17.0,004423,1.0,U,1,2.0,95.0,42.52683,-71.07299,MA,Middlesex County,17
25.0,17.0,004423,5.0,U,1,2.0,95.0,42.52683,-71.07299,MA,Middlesex County,17
25.0,17,004427,1.0,U,1,2.0,495.0,42.545719,-71.485919,MA,Middlesex County,17
25.0,17,004427,5.0,U,1,2.0,495.0,42.545719,-71.485919,MA,Middlesex County,17
25.0,17,004504,1.0,U,1,2.0,95.0,42.493417,-71.184951,MA,Middlesex County,17
25.0,17,004504,5.0,U,1,2.0,95.0,42.493417,-71.184951,MA,Middlesex County,17
25.0,17.0,004798,3.0,U,2,4.0,2.0,42.41908,-71.218446,MA,Middlesex County,17
25.0,17.0,004798,7.0,U,2,4.0,2.0,42.41908,-71.218446,MA,Middlesex County,17
25.0,17,004803,1.0,U,1,2.0,93.0,42.509247,-71.123562,MA,Middlesex County,17
25.0,17,004803,5.0,U,1,2.0,93.0,42.509247,-71.123562,MA,Middlesex County,17
25.0,17.0,004950,3.0,U,3.0,4.0,2.0,42.444817,-71.34729,MA,Middlesex County,17
25.0,17.0,004950,7.0,U,3.0,4.0,2.0,42.444817,-71.34729,MA,Middlesex County,17
25.0,17.0,008011,1.0,U,1,2.0,93.0,42.416323,-71.10387,MA,Middlesex County,17
25.0,17.0,008011,5.0,U,1,2.0,93.0,42.416323,-71.10387,MA,Middlesex County,17
25.0,17.0,008096,1.0,U,1,2.0,93.0,42.42416,-71.10326,MA,Middlesex County,17
25.0,17.0,008096,5.0,U,1,2.0,93.0,42.42416,-71.10326,MA,Middlesex County,17
25.0,17,008098,1.0,U,1,2.0,93.0,42.397435,-71.090678,MA,Middlesex County,17
25.0,17,008098,5.0,U,1,2.0,93.0,42.397435,-71.090678,MA,Middlesex County,17
25.0,17.0,008099,1.0,U,1,2.0,93.0,42.406031,-71.099285,MA,Middlesex County,17
25.0,17.0,008099,5.0,U,1,2.0,93.0,42.406031,-71.099285,MA,Middlesex County,17
25.0,17,008201,1.0,U,1,2.0,93.0,42.448859,-71.104402,MA,Middlesex County,17
25.0,17,008202,5.0,U,1,2.0,93.0,42.448859,-71.104402,MA,Middlesex County,17
25.0,17,010102,1.0,U,1,2.0,95.0,42.500907,-71.145063,MA,Middlesex County,17
25.0,17,010102,5.0,U,1,2.0,95.0,42.500907,-71.145063,MA,Middlesex County,17
25.0,17,010102,9.0,U,1,2.0,95.0,42.500907,-71.145063,MA,Middlesex County,17
25.0,17,014011,1.0,U,1,2.0,95.0,42.497873,-71.166295,MA,Middlesex County,17
25.0,17.0,040334,0.0,U,3.0,4.0,2.0,42.466245,-71.393218,MA,Middlesex County,17
25.0,17.0,040701,1.0,U,3,4.0,28.0,42.498641,-71.100769,MA,Middlesex County,17
25.0,17.0,040702,5.0,U,3,4.0,28.0,42.498641,-71.100769,MA,Middlesex County,17
25.0,17.0,041112,9.0,U,3.0,4.0,27.0,42.264803,-71.361254,MA,Middlesex County,17
25.0,17,041501,1.0,U,1,2.0,95.0,42.335508,-71.257361,MA,Middlesex County,17
25.0,17,041502,5.0,U,1,2.0,95.0,42.335508,-71.257361,MA,Middlesex County,17
25.0,17.0,0AET10,3.0,U,1,2.0,90.0,42.331377,-71.322868,MA,Middlesex County,17
25.0,17.0,0AET10,7.0,U,1,2.0,90.0,42.331377,-71.322868,MA,Middlesex County,17
25.0,17.0,0AET15,1.0,U,2,3.0,1.0,42.370669,-71.06273,MA,Middlesex County,17
25.0,17.0,0AET15,5.0,U,2,3.0,1.0,42.370669,-71.06273,MA,Middlesex County,17
25.0,17,0H8449,1.0,U,1,2.0,93.0,42.399038,-71.092757,MA,Middlesex County,17
25.0,17,0H8449,5.0,U,1,2.0,93.0,42.399038,-71.092757,MA,Middlesex County,17
25.0,17.0,0H8450,1.0,U,1,2.0,93.0,42.406031,-71.099285,MA,Middlesex County,17
25.0,17.0,0H8450,5.0,U,1,2.0,93.0,42.406031,-71.099285,MA,Middlesex County,17
25.0,17.0,0H8451,1.0,U,1,2.0,93.0,42.422391,-71.1035,MA,Middlesex County,17
25.0,17.0,0H8451,5.0,U,1,2.0,93.0,42.422391,-71.1035,MA,Middlesex County,17
25.0,17,0H8452,1.0,U,1,2.0,93.0,42.433737,-71.102249,MA,Middlesex County,17
25.0,17,0H8452,5.0,U,1,2.0,93.0,42.433737,-71.102249,MA,Middlesex County,17
25.0,17,0H8454,1.0,U,1,2.0,93.0,42.475352,-71.111462,MA,Middlesex County,17
25.0,17,0H8454,5.0,U,1,2.0,93.0,42.475352,-71.111462,MA,Middlesex County,17
25.0,17,0H8455,1.0,U,1,2.0,93.0,42.495565,-71.117834,MA,Middlesex County,17
25.0,17,0H8455,5.0,U,1,2.0,93.0,42.495565,-71.117834,MA,Middlesex County,17
25.0,17,0H8457,1.0,U,1,2.0,93.0,42.533257,-71.135435,MA,Middlesex County,17
25.0,17,0H8457,5.0,U,1,2.0,93.0,42.533257,-71.135435,MA,Middlesex County,17
25.0,17,0H8503,1.0,U,1,2.0,95.0,42.337559,-71.259132,MA,Middlesex County,17
25.0,17,0H8503,5.0,U,1,2.0,95.0,42.337559,-71.259132,MA,Middlesex County,17
25.0,17,0H8505,1.0,U,1,2.0,95.0,42.365261,-71.269962,MA,Middlesex County,17
25.0,17,0H8505,5.0,U,1,2.0,95.0,42.365261,-71.269962,MA,Middlesex County,17
25.0,17,0H8506,1.0,U,1,2.0,95.0,42.385559,-71.262277,MA,Middlesex County,17
25.0,17,0H8506,5.0,U,1,2.0,95.0,42.385559,-71.262277,MA,Middlesex County,17
25.0,17,0H8507,1.0,U,1,2.0,95.0,42.407903,-71.258499,MA,Middlesex County,17
25.0,17,0H8507,5.0,U,1,2.0,95.0,42.407903,-71.258499,MA,Middlesex County,17
25.0,17.0,0H8509,1.0,U,1,2.0,95.0,42.441819,-71.257683,MA,Middlesex County,17
25.0,17.0,0H8509,5.0,U,1,2.0,95.0,42.441819,-71.257683,MA,Middlesex County,17
25.0,17,0H8511,1.0,U,1,2.0,95.0,42.473413,-71.234979,MA,Middlesex County,17
25.0,17,0H8511,5.0,U,1,2.0,95.0,42.473413,-71.234979,MA,Middlesex County,17
25.0,17.0,0H8512,1.0,U,1.0,2.0,95.0,42.482332,-71.201567,MA,Middlesex County,17
25.0,17.0,0H8512,5.0,U,1.0,2.0,95.0,42.482332,-71.201567,MA,Middlesex County,17
25.0,17,0H8513,1.0,U,1,2.0,95.0,42.492219,-71.186852,MA,Middlesex County,17
25.0,17,0H8513,5.0,U,1,2.0,95.0,42.492219,-71.186852,MA,Middlesex County,17
25.0,17.0,210304,0.0,U,4.0,4.0,113.0,42.661805,-71.400736,MA,Middlesex County,17
25.0,17.0,H12562,1.0,U,1,2.0,93.0,42.586275,-71.159493,MA,Middlesex County,17
25.0,17.0,H12562,5.0,U,1,2.0,93.0,42.586275,-71.159493,MA,Middlesex County,17
25.0,13.0,000026,1.0,U,1,2.0,91.0,42.069892,-72.587882,MA,Hampden County,5
25.0,13.0,000026,5.0,U,1,2.0,91.0,42.069892,-72.587882,MA,Hampden County,5
25.0,13.0,000031,3.0,U,1.0,2.0,291.0,42.135166,-72.555754,MA,Hampden County,5
25.0,13.0,000031,7.0,U,1.0,2.0,291.0,42.135166,-72.555754,MA,Hampden County,5
25.0,13.0,000033,1.0,U,1,2.0,391.0,42.152166,-72.611734,MA,Hampden County,5
25.0,13.0,000033,5.0,U,1,2.0,391.0,42.152166,-72.611734,MA,Hampden County,5
25.0,13.0,000037,1.0,U,1,2.0,391.0,42.166741,-72.61072,MA,Hampden County,5
25.0,13.0,000037,5.0,U,1,2.0,391.0,42.166741,-72.61072,MA,Hampden County,5
25.0,13.0,000280,1.0,U,4,3.0,5.0,42.162016,-72.633035,MA,Hampden County,5
25.0,13.0,000280,5.0,U,4,3.0,5.0,42.162016,-72.633035,MA,Hampden County,5
25.0,13.0,001180,3.0,U,3.0,3.0,20.0,42.173512,-72.832546,MA,Hampden County,5
25.0,13.0,001180,7.0,U,3.0,3.0,20.0,42.173512,-72.832546,MA,Hampden County,5
25.0,13.0,002157,1.0,U,1,2.0,91.0,42.11719,-72.609074,MA,Hampden County,5
25.0,13.0,002157,5.0,U,1,2.0,91.0,42.11719,-72.609074,MA,Hampden County,5
25.0,13.0,002248,3.0,U,1.0,2.0,291.0,42.122262,-72.574192,MA,Hampden County,5
25.0,13.0,002248,7.0,U,1.0,2.0,291.0,42.122262,-72.574192,MA,Hampden County,5
25.0,13.0,002251,3.0,U,1,2.0,291.0,42.153139,-72.549112,MA,Hampden County,5
25.0,13.0,002251,7.0,U,1,2.0,291.0,42.153139,-72.549112,MA,Hampden County,5
25.0,13.0,002252,1.0,U,1,2.0,391.0,42.137064,-72.609601,MA,Hampden County,5
25.0,13.0,002252,5.0,U,1,2.0,391.0,42.137064,-72.609601,MA,Hampden County,5
25.0,13.0,002257,1.0,U,1,2.0,91.0,42.129302,-72.608297,MA,Hampden County,5
25.0,13.0,002257,5.0,U,1,2.0,91.0,42.129302,-72.608297,MA,Hampden County,5
25.0,13.0,002601,1.0,U,1,2.0,91.0,42.071457,-72.587338,MA,Hampden County,5
25.0,13.0,002602,5.0,U,1,2.0,91.0,42.071457,-72.587338,MA,Hampden County,5
25.0,13.0,002797,1.0,U,1,2.0,91.0,42.137183,-72.631782,MA,Hampden County,5
25.0,13.0,002797,5.0,U,1,2.0,91.0,42.137183,-72.631782,MA,Hampden County,5
25.0,13,002806,3.0,U,2,4.0,57.0,42.070003,-72.643121,MA,Hampden County,5
25.0,13,002806,7.0,U,2,4.0,57.0,42.070003,-72.643121,MA,Hampden County,5
25.0,13.0,003103,3.0,U,1.0,2.0,291.0,42.141928,-72.550306,MA,Hampden County,5
25.0,13.0,003104,7.0,U,1.0,2.0,291.0,42.141928,-72.550306,MA,Hampden County,5
25.0,13.0,003301,1.0,U,1,2.0,391.0,42.151833,-72.611921,MA,Hampden County,5
25.0,13.0,003302,5.0,U,1,2.0,391.0,42.151833,-72.611921,MA,Hampden County,5
25.0,13.0,003329,3.0,R,4.0,3.0,20.0,42.116088,-72.188796,MA,Hampden County,5
25.0,13.0,003329,7.0,R,4.0,3.0,20.0,42.116088,-72.188796,MA,Hampden County,5
25.0,13.0,003701,1.0,U,1,2.0,391.0,42.161125,-72.611313,MA,Hampden County,5
25.0,13.0,003702,5.0,U,1,2.0,391.0,42.161125,-72.611313,MA,Hampden County,5
25.0,13,009007,3.0,U,1,2.0,90.0,42.164293,-72.507479,MA,Hampden County,5
25.0,13,009007,7.0,U,1,2.0,90.0,42.164293,-72.507479,MA,Hampden County,5
25.0,13.0,028012,9.0,U,4,3.0,5.0,42.162106,-72.633024,MA,Hampden County,5
25.0,13,0AET02,3.0,R,1,2.0,90.0,42.226251,-72.971433,MA,Hampden County,5
25.0,13,0AET02,7.0,R,1,2.0,90.0,42.226251,-72.971433,MA,Hampden County,5
25.0,13,0AET04,3.0,U,1,2.0,90.0,42.159903,-72.419266,MA,Hampden County,5
25.0,13,0AET04,7.0,U,1,2.0,90.0,42.159903,-72.419266,MA,Hampden County,5
25.0,25.0,000080,1.0,U,2,3.0,1.0,42.425705,-71.022706,MA,Suffolk County,17
25.0,25.0,000080,5.0,U,2,3.0,1.0,42.425705,-71.022706,MA,Suffolk County,17
25.0,25.0,000081,1.0,U,1.0,2.0,93.0,42.329028,-71.059882,MA,Suffolk County,17
25.0,25.0,000081,5.0,U,1.0,2.0,93.0,42.329028,-71.059882,MA,Suffolk County,17
25.0,25.0,008001,1.0,U,2,3.0,1.0,42.424997,-71.023639,MA,Suffolk County,17
25.0,25.0,008002,5.0,U,2,3.0,1.0,42.424997,-71.023639,MA,Suffolk County,17
25.0,25.0,008087,1.0,U,3,4.0,1.0,42.397212,-71.008431,MA,Suffolk County,17
25.0,25.0,008087,5.0,U,3,4.0,1.0,42.397212,-71.008431,MA,Suffolk County,17
25.0,25.0,008932,1.0,U,1.0,2.0,93.0,42.280895,-71.045937,MA,Suffolk County,17
25.0,25.0,008932,5.0,U,1.0,2.0,93.0,42.280895,-71.045937,MA,Suffolk County,17
25.0,25.0,008934,1.0,U,1.0,2.0,93.0,42.329028,-71.059883,MA,Suffolk County,17
25.0,25.0,008934,5.0,U,1.0,2.0,93.0,42.329028,-71.059883,MA,Suffolk County,17
25.0,25.0,009000,1.0,U,2,3.0,1.0,42.38134,-71.05074,MA,Suffolk County,17
25.0,25.0,009000,5.0,U,2,3.0,1.0,42.38134,-71.05074,MA,Suffolk County,17
25.0,25.0,0AET13,3.0,U,1,2.0,90.0,42.352213,-71.11452,MA,Suffolk County,17
25.0,25.0,0AET13,7.0,U,1,2.0,90.0,42.352213,-71.11452,MA,Suffolk County,17
25.0,25.0,0H8492,1.0,U,1.0,2.0,93.0,42.302465,-71.050394,MA,Suffolk County,17
25.0,25.0,0H8492,5.0,U,1.0,2.0,93.0,42.302465,-71.050394,MA,Suffolk County,17
25.0,25.0,0H8493,1.0,U,1.0,2.0,93.0,42.312817,-71.052102,MA,Suffolk County,17
25.0,25.0,0H8493,5.0,U,1.0,2.0,93.0,42.312817,-71.052102,MA,Suffolk County,17
25.0,25.0,0H8494,1.0,U,1.0,2.0,93.0,42.330841,-71.06134,MA,Suffolk County,17
25.0,25.0,0H8494,5.0,U,1.0,2.0,93.0,42.330841,-71.06134,MA,Suffolk County,17
25.0,25.0,H13141,3.0,U,1,2.0,90.0,42.357624,-71.158624,MA,Suffolk County,17
25.0,25.0,H13141,7.0,U,1,2.0,90.0,42.357624,-71.158624,MA,Suffolk County,17
25.0,25.0,H13142,3.0,U,1,2.0,90.0,42.356586,-71.131763,MA,Suffolk County,17
25.0,25.0,H13142,7.0,U,1,2.0,90.0,42.356586,-71.131763,MA,Suffolk County,17
25.0,25.0,H13143,3.0,U,1,2.0,90.0,42.351246,-71.112292,MA,Suffolk County,17
25.0,25.0,H13143,7.0,U,1,2.0,90.0,42.351246,-71.112292,MA,Suffolk County,17
25.0,25.0,H13144,3.0,U,1,2.0,90.0,42.348266,-71.103484,MA,Suffolk County,17
25.0,25.0,H13144,7.0,U,1,2.0,90.0,42.348266,-71.103484,MA,Suffolk County,17
25.0,1.0,000707,1.0,U,2.0,4.0,28.0,41.749985,-70.591004,MA,Barnstable County,17
25.0,1.0,000707,5.0,U,2.0,4.0,28.0,41.749985,-70.591004,MA,Barnstable County,17
25.0,1.0,000709,3.0,U,3.0,4.0,28.0,41.650319,-70.23588,MA,Barnstable County,17
25.0,1.0,000709,7.0,U,3.0,4.0,28.0,41.650319,-70.23588,MA,Barnstable County,17
25.0,1.0,000712,1.0,U,3.0,4.0,28.0,41.638637,-70.447809,MA,Barnstable County,17
25.0,1.0,000712,5.0,U,3.0,4.0,28.0,41.638637,-70.447809,MA,Barnstable County,17
25.0,1,007322,1.0,U,2,4.0,28.0,41.67937,-70.59435,MA,Barnstable County,17
25.0,1,007322,5.0,U,2,4.0,28.0,41.67937,-70.59435,MA,Barnstable County,17
25.0,1.0,007351,3.0,U,3.0,4.0,28.0,41.649254,-70.418835,MA,Barnstable County,17
25.0,1.0,007351,7.0,U,3.0,4.0,28.0,41.649254,-70.418835,MA,Barnstable County,17
25.0,1.0,070934,0.0,U,3.0,4.0,28.0,41.650325,-70.2363,MA,Barnstable County,17
